Designator,Val,Package,Mid X,Mid Y,Rotation,Layer
C1,10uF 25V,C_0805_2012Metric,100.11875,-161.55,90.0,top
C10,100nF,C_0805_2012Metric,105.55,-172.0,180.0,top
C100,C,C_0805_2012Metric,241.817597,-73.043979,90.0,top
C101,C,C_0805_2012Metric,249.157597,-90.66898,0.0,top
C102,C,C_0805_2012Metric,239.817597,-73.043979,-90.0,top
C103,C,C_0805_2012Metric,235.067597,-98.793979,-90.0,top
C104,C,C_0805_2012Metric,236.566053,-83.459044,-90.0,top
C105,C,C_0805_2012Metric,228.617597,-74.243979,0.0,top
C106,C,C_0805_2012Metric,238.567597,-94.743979,90.0,top
C107,100nF,C_0805_2012Metric,89.63544,-220.615572,90.0,top
C108,100nF,C_0805_2012Metric,185.0,-236.05,-90.0,top
C109,100nF,C_0805_2012Metric,169.95,-206.5,0.0,top
C11,22uF,C_0805_2012Metric,105.55,-174.0,180.0,top
C110,C,C_0805_2012Metric,211.362325,-90.65984,0.0,top
C111,C,C_0805_2012Metric,199.272325,-98.734839,90.0,top
C112,C,C_0805_2012Metric,200.072325,-91.484839,0.0,top
C113,C,C_0805_2012Metric,203.022325,-83.734839,0.0,top
C114,C,C_0805_2012Metric,197.272325,-98.784839,-90.0,top
C115,C,C_0805_2012Metric,196.222325,-64.484839,0.0,top
C116,C,C_0805_2012Metric,186.822325,-66.484839,0.0,top
C117,C,C_0805_2012Metric,204.022325,-73.034839,90.0,top
C118,C,C_0805_2012Metric,201.001415,-79.620293,180.0,top
C119,C,C_0805_2012Metric,202.522325,-98.634839,90.0,top
C12,10uF,C_0805_2012Metric_Pad1.18x1.45mm_HandSolder,111.6025,-107.315,0.0,top
C120,C,C_0805_2012Metric,195.222325,-86.184839,0.0,top
C121,C,C_0805_2012Metric,186.822325,-64.484839,180.0,top
C122,C,C_0805_2012Metric,198.897332,-83.318676,-90.0,top
C123,C,C_0805_2012Metric,190.822325,-74.234839,0.0,top
C124,C,C_0805_2012Metric,202.972325,-81.734839,180.0,top
C125,C,C_0805_2012Metric,204.572325,-88.234839,180.0,top
C126,C,C_0805_2012Metric,202.022325,-73.034839,-90.0,top
C127,C,C_0805_2012Metric,200.772325,-94.734839,90.0,top
C128,C,C_Radial_D10.0mm_H20.0mm_P5.00mm,160.655,-62.905,-90.0,top
C129,C,C_Radial_D10.0mm_H20.0mm_P5.00mm,171.45,-62.905,-90.0,top
C13,10uF,C_0805_2012Metric_Pad1.18x1.45mm_HandSolder,129.812558,-106.353994,0.0,top
C130,C,C_0805_2012Metric,169.23,-72.39,0.0,top
C131,C,C_0805_2012Metric,162.16832,-81.255577,90.0,top
C132,C,C_0805_2012Metric,297.334265,-175.584303,0.0,top
C133,C,C_0805_2012Metric,201.974265,-181.259304,-90.0,top
C134,C,C_0805_2012Metric,314.709272,-188.96814,180.0,top
C135,C,C_0805_2012Metric,252.17475,-213.50505,180.0,top
C136,C,C_0805_2012Metric,354.062332,-144.963676,0.0,top
C137,C,C_0805_2012Metric,201.174265,-188.509304,180.0,top
C138,C,C_0805_2012Metric,274.964,-207.409,90.0,top
C139,C,C_0805_2012Metric,234.97475,-206.95505,-90.0,top
C14,10uF 25V,C_0805_2012Metric,60.0,-166.05,90.0,top
C140,C,C_0805_2012Metric,242.77475,-215.50505,180.0,top
C141,C,C_0805_2012Metric,327.959272,-213.96814,180.0,top
C142,C,C_0805_2012Metric,206.024265,-193.809304,180.0,top
C143,C,C_0805_2012Metric,236.02475,-198.25505,0.0,top
C144,C,C_0805_2012Metric,354.062332,-150.963676,0.0,top
C145,C,C_0805_2012Metric,346.062332,-153.463676,0.0,top
C146,C,C_0805_2012Metric,279.714,-181.659,90.0,top
C147,C,C_0805_2012Metric,200.309115,-200.298412,0.0,top
C148,C,C_0805_2012Metric,198.224265,-196.259304,180.0,top
C149,C,C_0805_2012Metric,200.474265,-185.259304,-90.0,top
C15,100nF,C_0805_2012Metric,62.0,-166.0,90.0,top
C150,C,C_0805_2012Metric,280.764,-215.959,180.0,top
C151,C,C_0805_2012Metric,198.724265,-181.359304,-90.0,top
C152,C,C_0805_2012Metric,205.024265,-215.509304,180.0,top
C153,C,C_0805_2012Metric,288.934265,-178.084303,0.0,top
C154,C,C_0805_2012Metric,272.964,-207.409,-90.0,top
C155,C,C_0805_2012Metric,238.92475,-188.50505,180.0,top
C156,C,C_0805_2012Metric,248.17475,-205.75505,180.0,top
C157,C,C_0805_2012Metric,241.72475,-181.20505,90.0,top
C158,C,C_0805_2012Metric,222.434265,-175.084303,0.0,top
C159,C,C_0805_2012Metric,251.834265,-178.584303,0.0,top
C16,10nF,C_0805_2012Metric,68.45,-170.0,0.0,top
C160,C,C_0805_2012Metric,243.77475,-193.80505,180.0,top
C161,C,C_0805_2012Metric,327.959272,-215.96814,0.0,top
C162,C,C_0805_2012Metric,259.434265,-175.084303,0.0,top
C163,C,C_0805_2012Metric,290.164,-213.959,180.0,top
C164,C,C_0805_2012Metric,297.934265,-169.584303,0.0,top
C165,C,C_0805_2012Metric,276.914,-188.959,180.0,top
C166,C,C_0805_2012Metric,210.424265,-205.759304,180.0,top
C167,C,C_0805_2012Metric,238.22475,-185.25505,-90.0,top
C168,C,C_0805_2012Metric,238.058508,-200.2879,0.0,top
C169,C,C_0805_2012Metric,273.964,-196.709,180.0,top
C17,100nF,C_0805_2012Metric,68.55,-176.0,180.0,top
C170,C,C_0805_2012Metric,345.462332,-158.463676,180.0,top
C171,C,C_0805_2012Metric,312.259272,-181.81814,-90.0,top
C172,C,C_0805_2012Metric,274.014,-198.709,0.0,top
C173,C,C_0805_2012Metric,202.439462,-196.834869,90.0,top
C174,C,C_0805_2012Metric,286.164,-206.209,180.0,top
C175,C,C_0805_2012Metric,290.164,-215.959,0.0,top
C176,C,C_0805_2012Metric,278.215544,-196.993935,90.0,top
C177,C,C_0805_2012Metric,354.962332,-166.463676,180.0,top
C178,C,C_0805_2012Metric,281.764,-194.259,180.0,top
C179,C,C_0805_2012Metric,197.224265,-206.959304,-90.0,top
C18,22uF,C_0805_2012Metric,68.55,-178.0,180.0,top
C180,C,C_0805_2012Metric,240.186731,-196.815865,90.0,top
C181,C,C_0805_2012Metric,214.424265,-213.509304,180.0,top
C182,C,C_0805_2012Metric,203.974265,-181.209304,90.0,top
C183,C,C_0805_2012Metric,196.674265,-191.759304,0.0,top
C184,C,C_0805_2012Metric,323.959272,-206.21814,180.0,top
C185,C,C_0805_2012Metric,276.214,-185.709,-90.0,top
C186,C,C_0805_2012Metric,313.780182,-200.832686,0.0,top
C187,C,C_0805_2012Metric,311.759272,-196.71814,180.0,top
C188,C,C_0805_2012Metric,318.559272,-215.96814,180.0,top
C189,C,C_0805_2012Metric,315.509272,-181.71814,-90.0,top
C19,C,C_0805_2012Metric,320.947332,-121.868676,0.0,top
C190,C,C_0805_2012Metric,317.509272,-181.66814,90.0,top
C191,C,C_0805_2012Metric,315.884265,-197.134303,90.0,top
C192,C,C_0805_2012Metric,326.934265,-177.584303,0.0,top
C193,C,C_0805_2012Metric,214.424265,-215.509304,0.0,top
C194,C,C_0805_2012Metric,310.209272,-192.21814,0.0,top
C195,C,C_0805_2012Metric,277.714,-181.709,-90.0,top
C196,C,C_0805_2012Metric,319.559272,-194.26814,180.0,top
C197,C,C_0805_2012Metric,311.809272,-198.71814,0.0,top
C198,C,C_0805_2012Metric,303.419272,-189.793139,180.0,top
C199,C,C_0805_2012Metric,312.759272,-207.41814,90.0,top
C2,100nF,C_0805_2012Metric,98.11875,-161.5,90.0,top
C20,C,C_0805_2012Metric,311.447332,-113.868676,0.0,top
C200,C,C_0805_2012Metric,259.434265,-169.084303,0.0,top
C201,C,C_0805_2012Metric,189.884265,-189.334303,180.0,top
C202,C,C_0805_2012Metric,274.464,-181.809,-90.0,top
C203,C,C_0805_2012Metric,314.009272,-185.71814,-90.0,top
C204,C,C_0805_2012Metric,349.877332,-83.403676,90.0,top
C205,C,C_0805_2012Metric,358.597691,-74.13914,90.0,top
C206,470uF,CP_Elec_10x10.5,113.91,-95.25,0.0,top
C207,470uF,CP_Elec_10x10.5,129.005,-95.25,0.0,top
C208,470uF,CP_Elec_10x10.5,130.81,-126.755,90.0,top
C209,470uF,CP_Elec_10x10.5,65.3,-184.5,180.0,top
C21,C,C_0805_2012Metric,179.347332,-105.368676,180.0,top
C210,10uF,C_0805_2012Metric_Pad1.18x1.45mm_HandSolder,111.3575,-116.84,0.0,top
C211,10uF,C_0805_2012Metric_Pad1.18x1.45mm_HandSolder,129.7725,-116.205,0.0,top
C212,10uF,C_0805_2012Metric_Pad1.18x1.45mm_HandSolder,106.52806,-116.60019,180.0,top
C213,10uF,C_0805_2012Metric_Pad1.18x1.45mm_HandSolder,124.6925,-116.205,180.0,top
C22,C,C_0805_2012Metric,187.64,-101.6,180.0,top
C23,C,C_0805_2012Metric,179.447332,-111.368676,180.0,top
C24,C,C_0805_2012Metric,225.847332,-102.368676,180.0,top
C25,C,C_0805_2012Metric,217.447332,-104.868676,180.0,top
C26,C,C_0805_2012Metric,216.847332,-110.868676,180.0,top
C27,C,C_0805_2012Metric,255.347332,-105.368676,180.0,top
C28,C,C_0805_2012Metric,262.947332,-101.868676,180.0,top
C29,C,C_0805_2012Metric,255.347332,-111.368676,180.0,top
C3,0.1uf,C_0805_2012Metric,115.745,-69.85,0.0,top
C30,C,C_0805_2012Metric,292.347332,-105.368676,180.0,top
C31,C,C_0805_2012Metric,298.397332,-101.918676,-90.0,top
C32,C,C_0805_2012Metric,292.347332,-111.368676,180.0,top
C33,C,C_0805_2012Metric,312.855,-129.777,180.0,top
C34,C,C_0805_2012Metric,320.855,-127.277,180.0,top
C35,C,C_0805_2012Metric,312.855,-135.777,180.0,top
C36,C,C_0805_2012Metric,335.434265,-175.084303,0.0,top
C37,C,C_0805_2012Metric,216.384265,-178.534303,90.0,top
C38,C,C_0805_2012Metric,275.98542,-200.709,0.0,top
C39,C,C_0805_2012Metric,199.224265,-206.959304,90.0,top
C4,1uF,C_0805_2012Metric,125.9,-69.85,180.0,top
C40,C,C_0805_2012Metric,198.274265,-198.259304,0.0,top
C41,C,C_0805_2012Metric,236.47475,-181.35505,-90.0,top
C42,C,C_0805_2012Metric,265.624,-189.783999,180.0,top
C43,C,C_0805_2012Metric,335.334265,-169.084303,0.0,top
C44,C,C_0805_2012Metric,234.42475,-191.75505,0.0,top
C45,C,C_0805_2012Metric,236.97475,-206.95505,90.0,top
C46,C,C_0805_2012Metric,222.434265,-169.084303,0.0,top
C47,C,C_0805_2012Metric,227.63475,-189.330049,180.0,top
C48,C,C_0805_2012Metric,235.97475,-196.25505,180.0,top
C49,C,C_0805_2012Metric,252.17475,-215.50505,0.0,top
C5,100nF,C_0805_2012Metric,115.745,-72.39,0.0,top
C50,C,C_0805_2012Metric,272.414,-192.209,0.0,top
C51,C,C_0805_2012Metric,239.72475,-181.25505,-90.0,top
C52,C,C_0805_2012Metric,310.759272,-207.41814,-90.0,top
C53,C,C_0805_2012Metric,312.342135,-83.61811,-90.0,top
C54,C,C_0805_2012Metric,304.357332,-74.693675,0.0,top
C55,C,C_0805_2012Metric,324.897332,-91.118676,0.0,top
C56,C,C_0805_2012Metric,316.057332,-99.093675,90.0,top
C57,C,C_0805_2012Metric,300.357332,-64.943675,180.0,top
C58,C,C_0805_2012Metric,309.757332,-64.943675,0.0,top
C59,C,C_0805_2012Metric,300.357332,-66.943675,0.0,top
C6,100nF,C_0805_2012Metric,125.9,-72.39,180.0,top
C60,C,C_0805_2012Metric,317.557332,-73.493675,90.0,top
C61,C,C_0805_2012Metric,314.472482,-80.154567,180.0,top
C62,C,C_0805_2012Metric,315.557332,-73.493675,-90.0,top
C63,C,C_0805_2012Metric,308.757332,-86.643675,0.0,top
C64,C,C_0805_2012Metric,310.807332,-99.243675,-90.0,top
C65,C,C_0805_2012Metric,313.607332,-91.943675,0.0,top
C66,C,C_0805_2012Metric,312.807332,-99.193675,90.0,top
C67,C,C_0805_2012Metric,316.507332,-82.193675,180.0,top
C68,C,C_0805_2012Metric,318.107332,-88.693675,180.0,top
C69,C,C_0805_2012Metric,316.557332,-84.193675,0.0,top
C7,470uF,CP_Elec_10x10.5,100.3,-184.5,180.0,top
C70,C,C_0805_2012Metric,314.307332,-95.193675,90.0,top
C71,C,C_0805_2012Metric,280.356847,-88.697929,180.0,top
C72,C,C_0805_2012Metric,277.806847,-73.497929,-90.0,top
C73,C,C_0805_2012Metric,274.594866,-83.637114,-90.0,top
C74,C,C_0805_2012Metric,262.606847,-66.947929,0.0,top
C75,C,C_0805_2012Metric,273.056847,-99.247929,-90.0,top
C76,C,C_0805_2012Metric,287.146847,-91.12293,0.0,top
C77,C,C_0805_2012Metric,266.606847,-74.697929,0.0,top
C78,C,C_0805_2012Metric,278.756847,-82.197929,180.0,top
C79,C,C_0805_2012Metric,275.856847,-91.947929,0.0,top
C8,470uF,CP_Elec_10x10.5,111.76,-127.39,-90.0,top
C80,C,C_0805_2012Metric,278.806847,-84.197929,0.0,top
C81,C,C_0805_2012Metric,271.006847,-86.647929,0.0,top
C82,C,C_0805_2012Metric,262.606847,-64.947929,180.0,top
C83,C,C_0805_2012Metric,276.723089,-80.165079,180.0,top
C84,C,C_0805_2012Metric,275.056847,-99.197929,90.0,top
C85,C,C_0805_2012Metric,279.806847,-73.497929,90.0,top
C86,C,C_0805_2012Metric,272.006847,-64.947929,0.0,top
C87,C,C_0805_2012Metric,278.306847,-99.097929,90.0,top
C88,C,C_0805_2012Metric,276.556847,-95.197929,90.0,top
C89,C,C_0805_2012Metric,242.367597,-88.243979,180.0,top
C9,10nF,C_0805_2012Metric,105.5,-166.0,0.0,top
C90,C,C_0805_2012Metric,240.817597,-83.743979,0.0,top
C91,C,C_0805_2012Metric,238.796177,-79.743979,180.0,top
C92,C,C_0805_2012Metric,240.317597,-98.643979,90.0,top
C93,C,C_0805_2012Metric,224.617597,-64.493979,180.0,top
C94,C,C_0805_2012Metric,234.017597,-64.493979,0.0,top
C95,C,C_0805_2012Metric,237.067597,-98.743979,90.0,top
C96,C,C_0805_2012Metric,240.767597,-81.743979,180.0,top
C97,C,C_0805_2012Metric,237.867597,-91.493979,0.0,top
C98,C,C_0805_2012Metric,224.617597,-66.493979,0.0,top
C99,C,C_0805_2012Metric,233.017597,-86.193979,0.0,top
D1,SS34,D_SMA,99.05,-168.5,-90.0,top
D2,SS34,D_SMA,62.0,-172.5,-90.0,top
IC1,LT3045EMSE#PBF,SOP65P490X110-13N,109.075,-112.395,-90.0,top
IC2,LT3094EMSE#PBF,SOP65P490X110-13N,127.245,-111.76,-90.0,top
J1,DB2EKM-7.62-3P-GN-S,TerminalBlock_CUI_TB007-508-03_1x03_P5.08mm_Horizontal,54.877332,-56.408676,90.0,top
J2,Conn_01x19_Socket,PinHeader_1x19_P2.54mm_Vertical,85.72,-200.025,-90.0,top
J3,Conn_01x19_Socket,PinHeader_1x19_P2.54mm_Vertical,85.72,-225.425,-90.0,top
J4,RCA_x2,CONN-TH_XDJK-0271-1650,165.722896,-49.5751,180.0,top
J5,RCA_x2,CONN-TH_XDJK-0271-1650,354.952896,-49.5751,180.0,top
K1,Y14x-1C-xxDS,Relay_SPDT_HsinDa_Y14,301.625,-123.825,-90.0,top
K2,Y14x-1C-xxDS,Relay_SPDT_HsinDa_Y14,213.4353,-156.7636,90.0,top
K3,Y14x-1C-xxDS,Relay_SPDT_HsinDa_Y14,261.5447,-123.9064,-90.0,top
K4,Y14x-1C-xxDS,Relay_SPDT_HsinDa_Y14,253.365,-156.845,90.0,top
K5,Y14x-1C-xxDS,Relay_SPDT_HsinDa_Y14,222.885,-123.825,-90.0,top
K6,Y14x-1C-xxDS,Relay_SPDT_HsinDa_Y14,291.465,-156.845,90.0,top
K7,Y14x-1C-xxDS,Relay_SPDT_HsinDa_Y14,186.69,-123.825,-90.0,top
K8,Y14x-1C-xxDS,Relay_SPDT_HsinDa_Y14,327.66,-156.845,90.0,top
L1,100uH,L_12x12mm_H8mm,114.155,-60.96,-90.0,top
L2,100uH,L_12x12mm_H8mm,127.49,-60.96,-90.0,top
L3,100uH,L_12x12mm_H8mm,114.155,-81.915,-90.0,top
L4,100uH,L_12x12mm_H8mm,127.49,-82.011324,-90.0,top
L5,4.7uH,L_0805_2012Metric_Pad1.05x1.20mm_HandSolder,102.55,-167.15,-90.0,top
L6,4.7uH,L_0805_2012Metric_Pad1.05x1.20mm_HandSolder,65.5,-171.0,-90.0,top
PS1,IRM-20-15,Converter_ACDC_MeanWell_IRM-20-xx_THT,75.257332,-81.936176,0.0,top
PS2,IRM-20-15,Converter_ACDC_MeanWell_IRM-20-xx_THT,75.257332,-110.921176,0.0,top
R1,64.9k,R_0805_2012Metric,105.6375,-170.0,0.0,top
R10,R,R_MiniMELF_MMA-0204,227.397332,-115.368676,0.0,top
R100,R,R_MiniMELF_MMA-0204,286.864,-211.359,180.0,top
R101,R,R_MiniMELF_MMA-0204,279.664,-213.759,0.0,top
R102,R,R_MiniMELF_MMA-0204,261.464,-187.959,90.0,top
R103,R,R_MiniMELF_MMA-0204,279.664,-211.359,180.0,top
R104,R,R_MiniMELF_MMA-0204,279.664,-209.059,180.0,top
R105,R,R_MiniMELF_MMA-0204,277.214,-205.209,90.0,top
R106,R,R_MiniMELF_MMA-0204,278.464,-192.659,90.0,top
R107,R,R_MiniMELF_MMA-0204,282.264,-191.259,0.0,top
R108,R,R_MiniMELF_MMA-0204,324.659272,-211.36814,180.0,top
R109,R,R_MiniMELF_MMA-0204,317.459272,-213.76814,0.0,top
R11,R,R_MiniMELF_MMA-0204,190.897332,-115.258676,0.0,top
R110,R,R_MiniMELF_MMA-0204,299.259272,-187.96814,90.0,top
R111,R,R_MiniMELF_MMA-0204,317.459272,-211.36814,180.0,top
R112,R,R_MiniMELF_MMA-0204,317.459272,-209.06814,180.0,top
R113,R,R_MiniMELF_MMA-0204,315.009272,-205.21814,90.0,top
R114,R,R_MiniMELF_MMA-0204,316.259272,-192.66814,90.0,top
R115,R,R_MiniMELF_MMA-0204,320.059272,-191.26814,0.0,top
R116,130k,R_0805_2012Metric_Pad1.20x1.40mm_HandSolder,108.47056,-119.14019,180.0,top
R117,130k,R_0805_2012Metric_Pad1.20x1.40mm_HandSolder,126.615964,-118.179185,180.0,top
R118,15k,R_0805_2012Metric_Pad1.20x1.40mm_HandSolder,104.66056,-119.14019,180.0,top
R119,15k,R_0805_2012Metric_Pad1.20x1.40mm_HandSolder,122.883068,-118.154331,180.0,top
R12,R,R_MiniMELF_MMA-0204,305.897332,-113.868676,0.0,top
R13,R,R_MiniMELF_MMA-0204,317.397332,-109.368676,0.0,top
R14,R,R_MiniMELF_MMA-0204,321.897332,-117.368676,-90.0,top
R15,R,R_MiniMELF_MMA-0204,248.384265,-194.084303,0.0,top
R16,R,R_MiniMELF_MMA-0204,286.384265,-194.584303,0.0,top
R17,R,R_MiniMELF_MMA-0204,322.384265,-178.084303,90.0,top
R18,R,R_MiniMELF_MMA-0204,210.824265,-194.009304,0.0,top
R19,R,R_MiniMELF_MMA-0204,248.884265,-165.584303,180.0,top
R2,4.7k,R_0805_2012Metric,111.05,-168.0,0.0,top
R20,R,R_MiniMELF_MMA-0204,287.384265,-165.084303,180.0,top
R21,R,R_MiniMELF_MMA-0204,323.884265,-165.194303,180.0,top
R22,R,R_MiniMELF_MMA-0204,208.884265,-166.584303,180.0,top
R23,R,R_MiniMELF_MMA-0204,349.012332,-170.963676,180.0,top
R24,R,R_MiniMELF_MMA-0204,344.512332,-162.963676,90.0,top
R25,R,R_MiniMELF_MMA-0204,303.657332,-69.543675,0.0,top
R26,R,R_MiniMELF_MMA-0204,310.857332,-67.143675,180.0,top
R27,R,R_MiniMELF_MMA-0204,329.057332,-92.943675,-90.0,top
R28,R,R_MiniMELF_MMA-0204,310.857332,-69.543675,0.0,top
R29,R,R_MiniMELF_MMA-0204,310.857332,-71.843675,0.0,top
R3,49.9k,R_0805_2012Metric,68.5,-174.0,0.0,top
R30,R,R_MiniMELF_MMA-0204,313.307332,-75.693675,-90.0,top
R31,R,R_MiniMELF_MMA-0204,312.057332,-88.243675,-90.0,top
R32,R,R_MiniMELF_MMA-0204,308.257332,-89.643675,180.0,top
R33,R,R_MiniMELF_MMA-0204,265.906847,-69.547929,0.0,top
R34,R,R_MiniMELF_MMA-0204,273.106847,-67.147929,180.0,top
R35,R,R_MiniMELF_MMA-0204,291.306847,-92.947929,-90.0,top
R36,R,R_MiniMELF_MMA-0204,273.106847,-69.547929,0.0,top
R37,R,R_MiniMELF_MMA-0204,273.106847,-71.847929,0.0,top
R38,R,R_MiniMELF_MMA-0204,275.556847,-75.697929,-90.0,top
R39,R,R_MiniMELF_MMA-0204,274.306847,-88.247929,-90.0,top
R4,16.2k,R_0805_2012Metric,73.9125,-171.5,0.0,top
R40,R,R_MiniMELF_MMA-0204,270.506847,-89.647929,180.0,top
R41,R,R_MiniMELF_MMA-0204,227.917597,-69.093979,0.0,top
R42,R,R_MiniMELF_MMA-0204,235.117597,-66.693979,180.0,top
R43,R,R_MiniMELF_MMA-0204,253.317597,-92.493979,-90.0,top
R44,R,R_MiniMELF_MMA-0204,235.117597,-69.093979,0.0,top
R45,R,R_MiniMELF_MMA-0204,235.117597,-71.393979,0.0,top
R46,R,R_MiniMELF_MMA-0204,237.567597,-75.243979,-90.0,top
R47,R,R_MiniMELF_MMA-0204,236.317597,-87.793979,-90.0,top
R48,R,R_MiniMELF_MMA-0204,232.517597,-89.193979,180.0,top
R49,4.7k,R_0805_2012Metric,171.1725,-231.14,0.0,top
R5,R,R_MiniMELF_MMA-0204,266.397332,-86.368676,180.0,top
R50,4.7k,R_0805_2012Metric,171.1725,-233.045,0.0,top
R51,4.7k,R_0805_2012Metric,171.1725,-229.235,0.0,top
R52,4.7k,R_0805_2012Metric,171.45,-217.4475,90.0,top
R53,4.7k,R_0805_2012Metric,192.7625,-226.06,180.0,top
R54,4.7k,R_0805_2012Metric,171.45,-213.0825,-90.0,top
R55,4.7k,R_0805_2012Metric,189.23,-226.06,180.0,top
R56,4.7k,R_0805_2012Metric,164.465,-215.5425,90.0,top
R57,4.7k,R_0805_2012Metric,192.405,-231.4175,90.0,top
R58,4.7k,R_0805_2012Metric,167.64,-215.5425,90.0,top
R59,4.7k,R_0805_2012Metric,194.31,-229.5125,90.0,top
R6,R,R_MiniMELF_MMA-0204,228.397332,-85.868676,180.0,top
R60,4.7k,R_0805_2012Metric,159.7425,-222.25,0.0,top
R61,4.7k,R_0805_2012Metric,188.595,-235.2275,90.0,top
R62,4.7k,R_0805_2012Metric,163.4725,-222.25,180.0,top
R63,4.7k,R_0805_2012Metric,190.5,-233.3225,90.0,top
R64,4.7k,R_0805_2012Metric,157.9125,-206.5,180.0,top
R65,4.7k,R_0805_2012Metric,154.0875,-206.5,0.0,top
R66,4.7k,R_0805_2012Metric,160.0,-195.0875,-90.0,top
R67,4.7k,R_0805_2012Metric,158.0,-195.0875,-90.0,top
R68,4.7k,R_0805_2012Metric,164.0,-195.0875,-90.0,top
R69,4.7k,R_0805_2012Metric,162.0,-195.0875,-90.0,top
R7,R,R_MiniMELF_MMA-0204,192.397332,-102.368676,-90.0,top
R70,4.7k,R_0805_2012Metric,168.0,-195.0875,-90.0,top
R71,4.7k,R_0805_2012Metric,166.0,-195.0875,-90.0,top
R72,4.7k,R_0805_2012Metric,172.0,-195.0875,-90.0,top
R73,4.7k,R_0805_2012Metric,170.0,-195.0875,-90.0,top
R74,R,R_MiniMELF_MMA-0204,190.122325,-69.084839,0.0,top
R75,R,R_MiniMELF_MMA-0204,197.322325,-66.684839,180.0,top
R76,R,R_MiniMELF_MMA-0204,215.522325,-92.484839,-90.0,top
R77,R,R_MiniMELF_MMA-0204,197.322325,-69.084839,0.0,top
R78,R,R_MiniMELF_MMA-0204,197.322325,-71.384839,0.0,top
R79,R,R_MiniMELF_MMA-0204,199.772325,-75.234839,-90.0,top
R8,R,R_MiniMELF_MMA-0204,303.957332,-86.443675,180.0,top
R80,R,R_MiniMELF_MMA-0204,198.522325,-87.784839,-90.0,top
R81,R,R_MiniMELF_MMA-0204,194.722325,-89.184839,180.0,top
R82,R,R_MiniMELF_MMA-0204,157.71,-76.835,180.0,top
R83,R,R_MiniMELF_MMA-0204,173.355,-80.415,-90.0,top
R84,R,R_MiniMELF_MMA-0204,211.124265,-210.909304,180.0,top
R85,R,R_MiniMELF_MMA-0204,203.924265,-213.309304,0.0,top
R86,R,R_MiniMELF_MMA-0204,185.724265,-187.509304,90.0,top
R87,R,R_MiniMELF_MMA-0204,203.924265,-210.909304,180.0,top
R88,R,R_MiniMELF_MMA-0204,203.924265,-208.609304,180.0,top
R89,R,R_MiniMELF_MMA-0204,201.474265,-204.759304,90.0,top
R9,R,R_MiniMELF_MMA-0204,265.897332,-114.868676,0.0,top
R90,R,R_MiniMELF_MMA-0204,202.724265,-192.209304,90.0,top
R91,R,R_MiniMELF_MMA-0204,206.524265,-190.809304,0.0,top
R92,R,R_MiniMELF_MMA-0204,248.87475,-210.90505,180.0,top
R93,R,R_MiniMELF_MMA-0204,241.67475,-213.30505,0.0,top
R94,R,R_MiniMELF_MMA-0204,223.47475,-187.50505,90.0,top
R95,R,R_MiniMELF_MMA-0204,241.67475,-210.90505,180.0,top
R96,R,R_MiniMELF_MMA-0204,241.67475,-208.60505,180.0,top
R97,R,R_MiniMELF_MMA-0204,239.22475,-204.75505,90.0,top
R98,R,R_MiniMELF_MMA-0204,240.47475,-192.20505,90.0,top
R99,R,R_MiniMELF_MMA-0204,244.27475,-190.80505,0.0,top
U1,AP3211K,SOT-23-6,104.11875,-161.5,180.0,top
U10,OPA1612AxD,SOIC-8_5.3x6.2mm_P1.27mm,244.417597,-94.343979,0.0,top
U11,ULN2803A,SOIC-18W_7.5x11.6mm_P1.27mm,84.55544,-212.680572,0.0,top
U12,TCA9548APWR,TSSOP-24_4.4x7.8mm_P0.65mm,163.83,-205.105,-90.0,top
U13,TCA9548APWR,TSSOP-24_4.4x7.8mm_P0.65mm,182.245,-229.87,180.0,top
U14,OPA1612AxD,SOIC-8_5.3x6.2mm_P1.27mm,195.222325,-78.384839,-90.0,top
U15,OPA1612AxD,SOIC-8_5.3x6.2mm_P1.27mm,206.622325,-94.334839,0.0,top
U16,OPA1612AxD,SOIC-8_5.3x6.2mm_P1.27mm,166.37,-76.835,0.0,top
U17,OPA1612AxD,SOIC-8_5.3x6.2mm_P1.27mm,206.024265,-201.609304,90.0,top
U18,OPA1612AxD,SOIC-8_5.3x6.2mm_P1.27mm,194.624265,-185.659304,180.0,top
U19,OPA1612AxD,SOIC-8_5.3x6.2mm_P1.27mm,243.77475,-201.60505,90.0,top
U2,AP3211K,SOT-23-6,66.8625,-166.0,180.0,top
U20,OPA1612AxD,SOIC-8_5.3x6.2mm_P1.27mm,232.37475,-185.65505,180.0,top
U21,OPA1612AxD,SOIC-8_5.3x6.2mm_P1.27mm,281.764,-202.059,90.0,top
U22,OPA1612AxD,SOIC-8_5.3x6.2mm_P1.27mm,270.364,-186.109,180.0,top
U23,OPA1612AxD,SOIC-8_5.3x6.2mm_P1.27mm,319.559272,-202.06814,90.0,top
U24,OPA1612AxD,SOIC-8_5.3x6.2mm_P1.27mm,308.159272,-186.11814,180.0,top
U25,OPA1612AxD,SOIC-8_5.3x6.2mm_P1.27mm,354.322332,-78.643676,180.0,top
U3,OPA1612AxD,SOIC-8_5.3x6.2mm_P1.27mm,315.897332,-117.868676,-90.0,top
U4,OPA1612AxD,SOIC-8_5.3x6.2mm_P1.27mm,350.512332,-162.463676,90.0,top
U5,OPA1612AxD,SOIC-8_5.3x6.2mm_P1.27mm,308.757332,-78.843675,-90.0,top
U6,OPA1612AxD,SOIC-8_5.3x6.2mm_P1.27mm,320.157332,-94.793675,0.0,top
U7,OPA1612AxD,SOIC-8_5.3x6.2mm_P1.27mm,271.006847,-78.847929,-90.0,top
U8,OPA1612AxD,SOIC-8_5.3x6.2mm_P1.27mm,282.406847,-94.797929,0.0,top
U9,OPA1612AxD,SOIC-8_5.3x6.2mm_P1.27mm,233.017597,-78.393979,-90.0,top
VR1,MCP41HV51-103E_ST,SOP65P640X120-14N,184.147332,-108.244676,90.0,top
VR10,MCP41HV51-103E_ST,SOP65P640X120-14N,349.417332,-148.025676,-90.0,top
VR11,MCP41HV51-103E_ST,SOP65P640X120-14N,305.157332,-61.843675,-90.0,top
VR12,MCP41HV51-103E_ST,SOP65P640X120-14N,322.307332,-84.693675,180.0,top
VR13,MCP41HV51-103E_ST,SOP65P640X120-14N,321.557332,-78.193675,180.0,top
VR14,MCP41HV51-103E_ST,SOP65P640X120-14N,307.757332,-93.743675,0.0,top
VR15,MCP41HV51-103E_ST,SOP65P640X120-14N,267.406847,-61.847929,-90.0,top
VR16,MCP41HV51-103E_ST,SOP65P640X120-14N,284.556847,-84.697929,180.0,top
VR17,MCP41HV51-103E_ST,SOP65P640X120-14N,283.806847,-78.197929,180.0,top
VR18,MCP41HV51-103E_ST,SOP65P640X120-14N,270.006847,-93.747929,0.0,top
VR19,MCP41HV51-103E_ST,SOP65P640X120-14N,229.417597,-61.393979,-90.0,top
VR2,MCP41HV51-103E_ST,SOP65P640X120-14N,260.161971,-108.552048,90.0,top
VR20,MCP41HV51-103E_ST,SOP65P640X120-14N,246.567597,-84.243979,180.0,top
VR21,MCP41HV51-103E_ST,SOP65P640X120-14N,245.817597,-77.743979,180.0,top
VR22,MCP41HV51-103E_ST,SOP65P640X120-14N,232.017597,-93.293979,0.0,top
VR23,MCP41HV51-103E_ST,SOP65P640X120-14N,191.622325,-61.384839,-90.0,top
VR24,MCP41HV51-103E_ST,SOP65P640X120-14N,208.772325,-84.234839,180.0,top
VR25,MCP41HV51-103E_ST,SOP65P640X120-14N,208.022325,-77.734839,180.0,top
VR26,MCP41HV51-103E_ST,SOP65P640X120-14N,194.222325,-93.284839,0.0,top
VR27,MCP41HV51-103E_ST,SOP65P640X120-14N,209.624265,-218.609304,90.0,top
VR28,MCP41HV51-103E_ST,SOP65P640X120-14N,192.474265,-195.759304,0.0,top
VR29,MCP41HV51-103E_ST,SOP65P640X120-14N,193.224265,-202.259304,0.0,top
VR3,MCP41HV51-103E_ST,SOP65P640X120-14N,222.047332,-107.930676,90.0,top
VR30,MCP41HV51-103E_ST,SOP65P640X120-14N,207.024265,-186.709304,180.0,top
VR31,MCP41HV51-103E_ST,SOP65P640X120-14N,247.37475,-218.60505,90.0,top
VR32,MCP41HV51-103E_ST,SOP65P640X120-14N,230.22475,-195.75505,0.0,top
VR33,MCP41HV51-103E_ST,SOP65P640X120-14N,230.97475,-202.25505,0.0,top
VR34,MCP41HV51-103E_ST,SOP65P640X120-14N,244.77475,-186.70505,180.0,top
VR35,MCP41HV51-103E_ST,SOP65P640X120-14N,285.364,-219.059,90.0,top
VR36,MCP41HV51-103E_ST,SOP65P640X120-14N,268.214,-196.209,0.0,top
VR37,MCP41HV51-103E_ST,SOP65P640X120-14N,268.964,-202.709,0.0,top
VR38,MCP41HV51-103E_ST,SOP65P640X120-14N,282.764,-187.159,180.0,top
VR39,MCP41HV51-103E_ST,SOP65P640X120-14N,323.159272,-219.06814,90.0,top
VR4,MCP41HV51-103E_ST,SOP65P640X120-14N,297.597332,-108.306676,90.0,top
VR40,MCP41HV51-103E_ST,SOP65P640X120-14N,306.009272,-196.21814,0.0,top
VR41,MCP41HV51-103E_ST,SOP65P640X120-14N,306.759272,-202.71814,0.0,top
VR42,MCP41HV51-103E_ST,SOP65P640X120-14N,320.559272,-187.16814,180.0,top
VR5,MCP41HV51-103E_ST,SOP65P640X120-14N,317.5,-132.715,90.0,top
VR6,MCP41HV51-103E_ST,SOP65P640X120-14N,330.634265,-172.208303,-90.0,top
VR7,MCP41HV51-103E_ST,SOP65P640X120-14N,254.619626,-171.900931,-90.0,top
VR8,MCP41HV51-103E_ST,SOP65P640X120-14N,292.734265,-172.522303,-90.0,top
VR9,MCP41HV51-103E_ST,SOP65P640X120-14N,217.184265,-172.146303,-90.0,top
